<assembly xmlns="http://maven.apache.org/plugins/maven-assembly-plugin/assembly/1.1.0" 
  xmlns:xsi="http://www.w3.org/2001/XMLSchema-instance"
  xsi:schemaLocation="http://maven.apache.org/plugins/maven-assembly-plugin/assembly/1.1.0 http://maven.apache.org/xsd/assembly-1.1.0.xsd">
  <id>jar-with-dependencies</id>
  <formats>
    <format>zip</format>
  </formats>
  <files>
	<file>
		<source>target/TPMaven-0.0.1-SNAPSHOT-jar-with-dependencies.jar</source>
		<outputDirectory>target/</outputDirectory>
	</file>
  </files>
  <fileSets>
    <fileSet>
      <directory>target</directory>
      <includes>
		<include>*.jar</include>
      </includes>
      <useDefaultExcludes>true</useDefaultExcludes>
    </fileSet>
  </fileSets>
</assembly>